{
  "project_info": {
    "project_number": "796339313423",
    "firebase_url": "https://geton-28c76.firebaseio.com",
    "project_id": "geton-28c76",
    "storage_bucket": "geton-28c76.appspot.com"
  },
  "client": [
    {
      "client_info": {
        "mobilesdk_app_id": "1:796339313423:android:1002d58a5c5c3e6b",
        "android_client_info": {
          "package_name": "com.example.user.geton"
        }
      },
      "oauth_client": [
        {
          "client_id": "796339313423-s5tj4dlodvf9aspphqc4a63ibf91fj8a.apps.googleusercontent.com",
          "client_type": 1,
          "android_info": {
            "package_name": "com.example.user.geton",
            "certificate_hash": "84f55e554b656be3eb4b8898f588d03b1b980e9e"
          }
        },
        {
          "client_id": "796339313423-5c0kndnf2pu4hu2kqcjbkj7gesps7081.apps.googleusercontent.com",
          "client_type": 3
        }
      ],
      "api_key": [
        {
          "current_key": "AIzaSyADX7VLxCjcZoouG7LD4xM9zcKnuQax9k0"
        }
      ],
      "services": {
        "analytics_service": {
          "status": 1
        },
        "appinvite_service": {
          "status": 2,
          "other_platform_oauth_client": [
            {
              "client_id": "796339313423-5c0kndnf2pu4hu2kqcjbkj7gesps7081.apps.googleusercontent.com",
              "client_type": 3
            }
          ]
        },
        "ads_service": {
          "status": 2
        }
      }
    }
  ],
  "configuration_version": "1"
}